	session_key	circuit_key	circuit_short_name	location	raceId_results	short_date	year	circuitId	grandPrixRaceId
0	7779	149	Jeddah	Jeddah	1081	2023-03-19	2023	jeddah	saudi-arabia
1	7779	149	Jeddah	Jeddah	1081	2023-03-19	2023	jeddah	saudi-arabia
2	7779	149	Jeddah	Jeddah	1081	2023-03-19	2023	jeddah	saudi-arabia
3	7779	149	Jeddah	Jeddah	1081	2023-03-19	2023	jeddah	saudi-arabia
4	7779	149	Jeddah	Jeddah	1081	2023-03-19	2023	jeddah	saudi-arabia
5	7779	149	Jeddah	Jeddah	1081	2023-03-19	2023	jeddah	saudi-arabia
6	7779	149	Jeddah	Jeddah	1081	2023-03-19	2023	jeddah	saudi-arabia
7	7779	149	Jeddah	Jeddah	1081	2023-03-19	2023	jeddah	saudi-arabia
8	7779	149	Jeddah	Jeddah	1081	2023-03-19	2023	jeddah	saudi-arabia
9	7779	149	Jeddah	Jeddah	1081	2023-03-19	2023	jeddah	saudi-arabia
10	7779	149	Jeddah	Jeddah	1081	2023-03-19	2023	jeddah	saudi-arabia
11	7779	149	Jeddah	Jeddah	1081	2023-03-19	2023	jeddah	saudi-arabia
12	7779	149	Jeddah	Jeddah	1081	2023-03-19	2023	jeddah	saudi-arabia
13	7779	149	Jeddah	Jeddah	1081	2023-03-19	2023	jeddah	saudi-arabia
14	7779	149	Jeddah	Jeddah	1081	2023-03-19	2023	jeddah	saudi-arabia
15	7779	149	Jeddah	Jeddah	1081	2023-03-19	2023	jeddah	saudi-arabia
16	7779	149	Jeddah	Jeddah	1081	2023-03-19	2023	jeddah	saudi-arabia
17	7779	149	Jeddah	Jeddah	1081	2023-03-19	2023	jeddah	saudi-arabia
18	7779	149	Jeddah	Jeddah	1081	2023-03-19	2023	jeddah	saudi-arabia
19	7779	149	Jeddah	Jeddah	1081	2023-03-19	2023	jeddah	saudi-arabia
20	7787	10	Melbourne	Melbourne	1082	2023-04-02	2023	melbourne	australia
21	7787	10	Melbourne	Melbourne	1082	2023-04-02	2023	melbourne	australia
22	7787	10	Melbourne	Melbourne	1082	2023-04-02	2023	melbourne	australia
23	7787	10	Melbourne	Melbourne	1082	2023-04-02	2023	melbourne	australia
24	7787	10	Melbourne	Melbourne	1082	2023-04-02	2023	melbourne	australia
25	7787	10	Melbourne	Melbourne	1082	2023-04-02	2023	melbourne	australia
26	7787	10	Melbourne	Melbourne	1082	2023-04-02	2023	melbourne	australia
27	7787	10	Melbourne	Melbourne	1082	2023-04-02	2023	melbourne	australia
28	7787	10	Melbourne	Melbourne	1082	2023-04-02	2023	melbourne	australia
29	7787	10	Melbourne	Melbourne	1082	2023-04-02	2023	melbourne	australia
30	7787	10	Melbourne	Melbourne	1082	2023-04-02	2023	melbourne	australia
31	7787	10	Melbourne	Melbourne	1082	2023-04-02	2023	melbourne	australia
32	7787	10	Melbourne	Melbourne	1082	2023-04-02	2023	melbourne	australia
33	7787	10	Melbourne	Melbourne	1082	2023-04-02	2023	melbourne	australia
34	7787	10	Melbourne	Melbourne	1082	2023-04-02	2023	melbourne	australia
35	7787	10	Melbourne	Melbourne	1082	2023-04-02	2023	melbourne	australia
36	7787	10	Melbourne	Melbourne	1082	2023-04-02	2023	melbourne	australia
37	7787	10	Melbourne	Melbourne	1082	2023-04-02	2023	melbourne	australia
38	7787	10	Melbourne	Melbourne	1082	2023-04-02	2023	melbourne	australia
39	7787	10	Melbourne	Melbourne	1082	2023-04-02	2023	melbourne	australia
40	7953	63	Sakhir	Sakhir	1080	2023-03-05	2023	bahrain	bahrain
41	7953	63	Sakhir	Sakhir	1080	2023-03-05	2023	bahrain	bahrain
42	7953	63	Sakhir	Sakhir	1080	2023-03-05	2023	bahrain	bahrain
43	7953	63	Sakhir	Sakhir	1080	2023-03-05	2023	bahrain	bahrain
44	7953	63	Sakhir	Sakhir	1080	2023-03-05	2023	bahrain	bahrain
45	7953	63	Sakhir	Sakhir	1080	2023-03-05	2023	bahrain	bahrain
46	7953	63	Sakhir	Sakhir	1080	2023-03-05	2023	bahrain	bahrain
47	7953	63	Sakhir	Sakhir	1080	2023-03-05	2023	bahrain	bahrain
48	7953	63	Sakhir	Sakhir	1080	2023-03-05	2023	bahrain	bahrain
49	7953	63	Sakhir	Sakhir	1080	2023-03-05	2023	bahrain	bahrain
50	7953	63	Sakhir	Sakhir	1080	2023-03-05	2023	bahrain	bahrain
51	7953	63	Sakhir	Sakhir	1080	2023-03-05	2023	bahrain	bahrain
52	7953	63	Sakhir	Sakhir	1080	2023-03-05	2023	bahrain	bahrain
53	7953	63	Sakhir	Sakhir	1080	2023-03-05	2023	bahrain	bahrain
54	7953	63	Sakhir	Sakhir	1080	2023-03-05	2023	bahrain	bahrain
55	7953	63	Sakhir	Sakhir	1080	2023-03-05	2023	bahrain	bahrain
56	7953	63	Sakhir	Sakhir	1080	2023-03-05	2023	bahrain	bahrain
57	7953	63	Sakhir	Sakhir	1080	2023-03-05	2023	bahrain	bahrain
58	7953	63	Sakhir	Sakhir	1080	2023-03-05	2023	bahrain	bahrain
59	7953	63	Sakhir	Sakhir	1080	2023-03-05	2023	bahrain	bahrain
60	9070	144	Baku	Baku	1083	2023-04-30	2023	baku	azerbaijan
61	9070	144	Baku	Baku	1083	2023-04-30	2023	baku	azerbaijan
62	9070	144	Baku	Baku	1083	2023-04-30	2023	baku	azerbaijan
63	9070	144	Baku	Baku	1083	2023-04-30	2023	baku	azerbaijan
64	9070	144	Baku	Baku	1083	2023-04-30	2023	baku	azerbaijan
65	9070	144	Baku	Baku	1083	2023-04-30	2023	baku	azerbaijan
66	9070	144	Baku	Baku	1083	2023-04-30	2023	baku	azerbaijan
67	9070	144	Baku	Baku	1083	2023-04-30	2023	baku	azerbaijan
68	9070	144	Baku	Baku	1083	2023-04-30	2023	baku	azerbaijan
69	9070	144	Baku	Baku	1083	2023-04-30	2023	baku	azerbaijan
70	9070	144	Baku	Baku	1083	2023-04-30	2023	baku	azerbaijan
71	9070	144	Baku	Baku	1083	2023-04-30	2023	baku	azerbaijan
72	9070	144	Baku	Baku	1083	2023-04-30	2023	baku	azerbaijan
73	9070	144	Baku	Baku	1083	2023-04-30	2023	baku	azerbaijan
74	9070	144	Baku	Baku	1083	2023-04-30	2023	baku	azerbaijan
75	9070	144	Baku	Baku	1083	2023-04-30	2023	baku	azerbaijan
76	9070	144	Baku	Baku	1083	2023-04-30	2023	baku	azerbaijan
77	9070	144	Baku	Baku	1083	2023-04-30	2023	baku	azerbaijan
78	9070	144	Baku	Baku	1083	2023-04-30	2023	baku	azerbaijan
79	9070	144	Baku	Baku	1083	2023-04-30	2023	baku	azerbaijan
80	9078	151	Miami	Miami	1084	2023-05-07	2023	miami	miami
81	9078	151	Miami	Miami	1084	2023-05-07	2023	miami	miami
82	9078	151	Miami	Miami	1084	2023-05-07	2023	miami	miami
83	9078	151	Miami	Miami	1084	2023-05-07	2023	miami	miami
84	9078	151	Miami	Miami	1084	2023-05-07	2023	miami	miami
85	9078	151	Miami	Miami	1084	2023-05-07	2023	miami	miami
86	9078	151	Miami	Miami	1084	2023-05-07	2023	miami	miami
87	9078	151	Miami	Miami	1084	2023-05-07	2023	miami	miami
88	9078	151	Miami	Miami	1084	2023-05-07	2023	miami	miami
89	9078	151	Miami	Miami	1084	2023-05-07	2023	miami	miami
90	9078	151	Miami	Miami	1084	2023-05-07	2023	miami	miami
91	9078	151	Miami	Miami	1084	2023-05-07	2023	miami	miami
92	9078	151	Miami	Miami	1084	2023-05-07	2023	miami	miami
93	9078	151	Miami	Miami	1084	2023-05-07	2023	miami	miami
94	9078	151	Miami	Miami	1084	2023-05-07	2023	miami	miami
95	9078	151	Miami	Miami	1084	2023-05-07	2023	miami	miami
96	9078	151	Miami	Miami	1084	2023-05-07	2023	miami	miami
97	9078	151	Miami	Miami	1084	2023-05-07	2023	miami	miami
98	9078	151	Miami	Miami	1084	2023-05-07	2023	miami	miami
99	9078	151	Miami	Miami	1084	2023-05-07	2023	miami	miami
100	9094	22	Monte Carlo	Monaco	1085	2023-05-28	2023	monaco	monaco
101	9094	22	Monte Carlo	Monaco	1085	2023-05-28	2023	monaco	monaco
102	9094	22	Monte Carlo	Monaco	1085	2023-05-28	2023	monaco	monaco
103	9094	22	Monte Carlo	Monaco	1085	2023-05-28	2023	monaco	monaco
104	9094	22	Monte Carlo	Monaco	1085	2023-05-28	2023	monaco	monaco
105	9094	22	Monte Carlo	Monaco	1085	2023-05-28	2023	monaco	monaco
106	9094	22	Monte Carlo	Monaco	1085	2023-05-28	2023	monaco	monaco
107	9094	22	Monte Carlo	Monaco	1085	2023-05-28	2023	monaco	monaco
108	9094	22	Monte Carlo	Monaco	1085	2023-05-28	2023	monaco	monaco
109	9094	22	Monte Carlo	Monaco	1085	2023-05-28	2023	monaco	monaco
110	9094	22	Monte Carlo	Monaco	1085	2023-05-28	2023	monaco	monaco
111	9094	22	Monte Carlo	Monaco	1085	2023-05-28	2023	monaco	monaco
112	9094	22	Monte Carlo	Monaco	1085	2023-05-28	2023	monaco	monaco
113	9094	22	Monte Carlo	Monaco	1085	2023-05-28	2023	monaco	monaco
114	9094	22	Monte Carlo	Monaco	1085	2023-05-28	2023	monaco	monaco
115	9094	22	Monte Carlo	Monaco	1085	2023-05-28	2023	monaco	monaco
116	9094	22	Monte Carlo	Monaco	1085	2023-05-28	2023	monaco	monaco
117	9094	22	Monte Carlo	Monaco	1085	2023-05-28	2023	monaco	monaco
118	9094	22	Monte Carlo	Monaco	1085	2023-05-28	2023	monaco	monaco
119	9094	22	Monte Carlo	Monaco	1085	2023-05-28	2023	monaco	monaco
120	9102	15	Catalunya	Barcelona	1086	2023-06-04	2023	catalunya	spain
121	9102	15	Catalunya	Barcelona	1086	2023-06-04	2023	catalunya	spain
122	9102	15	Catalunya	Barcelona	1086	2023-06-04	2023	catalunya	spain
123	9102	15	Catalunya	Barcelona	1086	2023-06-04	2023	catalunya	spain
124	9102	15	Catalunya	Barcelona	1086	2023-06-04	2023	catalunya	spain
125	9102	15	Catalunya	Barcelona	1086	2023-06-04	2023	catalunya	spain
126	9102	15	Catalunya	Barcelona	1086	2023-06-04	2023	catalunya	spain
127	9102	15	Catalunya	Barcelona	1086	2023-06-04	2023	catalunya	spain
128	9102	15	Catalunya	Barcelona	1086	2023-06-04	2023	catalunya	spain
129	9102	15	Catalunya	Barcelona	1086	2023-06-04	2023	catalunya	spain
130	9102	15	Catalunya	Barcelona	1086	2023-06-04	2023	catalunya	spain
131	9102	15	Catalunya	Barcelona	1086	2023-06-04	2023	catalunya	spain
132	9102	15	Catalunya	Barcelona	1086	2023-06-04	2023	catalunya	spain
133	9102	15	Catalunya	Barcelona	1086	2023-06-04	2023	catalunya	spain
134	9102	15	Catalunya	Barcelona	1086	2023-06-04	2023	catalunya	spain
135	9102	15	Catalunya	Barcelona	1086	2023-06-04	2023	catalunya	spain
136	9102	15	Catalunya	Barcelona	1086	2023-06-04	2023	catalunya	spain
137	9102	15	Catalunya	Barcelona	1086	2023-06-04	2023	catalunya	spain
138	9102	15	Catalunya	Barcelona	1086	2023-06-04	2023	catalunya	spain
139	9102	15	Catalunya	Barcelona	1086	2023-06-04	2023	catalunya	spain
140	9110	23	Montreal	Montréal	1087	2023-06-18	2023	montreal	canada
141	9110	23	Montreal	Montréal	1087	2023-06-18	2023	montreal	canada
142	9110	23	Montreal	Montréal	1087	2023-06-18	2023	montreal	canada
143	9110	23	Montreal	Montréal	1087	2023-06-18	2023	montreal	canada
144	9110	23	Montreal	Montréal	1087	2023-06-18	2023	montreal	canada
145	9110	23	Montreal	Montréal	1087	2023-06-18	2023	montreal	canada
146	9110	23	Montreal	Montréal	1087	2023-06-18	2023	montreal	canada
147	9110	23	Montreal	Montréal	1087	2023-06-18	2023	montreal	canada
148	9110	23	Montreal	Montréal	1087	2023-06-18	2023	montreal	canada
149	9110	23	Montreal	Montréal	1087	2023-06-18	2023	montreal	canada
150	9110	23	Montreal	Montréal	1087	2023-06-18	2023	montreal	canada
151	9110	23	Montreal	Montréal	1087	2023-06-18	2023	montreal	canada
152	9110	23	Montreal	Montréal	1087	2023-06-18	2023	montreal	canada
153	9110	23	Montreal	Montréal	1087	2023-06-18	2023	montreal	canada
154	9110	23	Montreal	Montréal	1087	2023-06-18	2023	montreal	canada
155	9110	23	Montreal	Montréal	1087	2023-06-18	2023	montreal	canada
156	9110	23	Montreal	Montréal	1087	2023-06-18	2023	montreal	canada
157	9110	23	Montreal	Montréal	1087	2023-06-18	2023	montreal	canada
158	9110	23	Montreal	Montréal	1087	2023-06-18	2023	montreal	canada
159	9110	23	Montreal	Montréal	1087	2023-06-18	2023	montreal	canada
160	9118	19	Spielberg	Spielberg	1088	2023-07-02	2023	spielberg	austria
161	9118	19	Spielberg	Spielberg	1088	2023-07-02	2023	spielberg	austria
162	9118	19	Spielberg	Spielberg	1088	2023-07-02	2023	spielberg	austria
163	9118	19	Spielberg	Spielberg	1088	2023-07-02	2023	spielberg	austria
164	9118	19	Spielberg	Spielberg	1088	2023-07-02	2023	spielberg	austria
165	9118	19	Spielberg	Spielberg	1088	2023-07-02	2023	spielberg	austria
166	9118	19	Spielberg	Spielberg	1088	2023-07-02	2023	spielberg	austria
167	9118	19	Spielberg	Spielberg	1088	2023-07-02	2023	spielberg	austria
168	9118	19	Spielberg	Spielberg	1088	2023-07-02	2023	spielberg	austria
169	9118	19	Spielberg	Spielberg	1088	2023-07-02	2023	spielberg	austria
170	9118	19	Spielberg	Spielberg	1088	2023-07-02	2023	spielberg	austria
171	9118	19	Spielberg	Spielberg	1088	2023-07-02	2023	spielberg	austria
172	9118	19	Spielberg	Spielberg	1088	2023-07-02	2023	spielberg	austria
173	9118	19	Spielberg	Spielberg	1088	2023-07-02	2023	spielberg	austria
174	9118	19	Spielberg	Spielberg	1088	2023-07-02	2023	spielberg	austria
175	9118	19	Spielberg	Spielberg	1088	2023-07-02	2023	spielberg	austria
176	9118	19	Spielberg	Spielberg	1088	2023-07-02	2023	spielberg	austria
177	9118	19	Spielberg	Spielberg	1088	2023-07-02	2023	spielberg	austria
178	9118	19	Spielberg	Spielberg	1088	2023-07-02	2023	spielberg	austria
179	9118	19	Spielberg	Spielberg	1088	2023-07-02	2023	spielberg	austria
180	9126	2	Silverstone	Silverstone	1089	2023-07-09	2023	silverstone	great-britain
181	9126	2	Silverstone	Silverstone	1089	2023-07-09	2023	silverstone	great-britain
182	9126	2	Silverstone	Silverstone	1089	2023-07-09	2023	silverstone	great-britain
183	9126	2	Silverstone	Silverstone	1089	2023-07-09	2023	silverstone	great-britain
184	9126	2	Silverstone	Silverstone	1089	2023-07-09	2023	silverstone	great-britain
185	9126	2	Silverstone	Silverstone	1089	2023-07-09	2023	silverstone	great-britain
186	9126	2	Silverstone	Silverstone	1089	2023-07-09	2023	silverstone	great-britain
187	9126	2	Silverstone	Silverstone	1089	2023-07-09	2023	silverstone	great-britain
188	9126	2	Silverstone	Silverstone	1089	2023-07-09	2023	silverstone	great-britain
189	9126	2	Silverstone	Silverstone	1089	2023-07-09	2023	silverstone	great-britain
190	9126	2	Silverstone	Silverstone	1089	2023-07-09	2023	silverstone	great-britain
191	9126	2	Silverstone	Silverstone	1089	2023-07-09	2023	silverstone	great-britain
192	9126	2	Silverstone	Silverstone	1089	2023-07-09	2023	silverstone	great-britain
193	9126	2	Silverstone	Silverstone	1089	2023-07-09	2023	silverstone	great-britain
194	9126	2	Silverstone	Silverstone	1089	2023-07-09	2023	silverstone	great-britain
195	9126	2	Silverstone	Silverstone	1089	2023-07-09	2023	silverstone	great-britain
196	9126	2	Silverstone	Silverstone	1089	2023-07-09	2023	silverstone	great-britain
197	9126	2	Silverstone	Silverstone	1089	2023-07-09	2023	silverstone	great-britain
198	9126	2	Silverstone	Silverstone	1089	2023-07-09	2023	silverstone	great-britain
199	9126	2	Silverstone	Silverstone	1089	2023-07-09	2023	silverstone	great-britain
200	9126	2	Silverstone	Silverstone	1089	2023-07-09	2023	silverstone	great-britain
201	9133	4	Hungaroring	Budapest	1090	2023-07-23	2023	hungaroring	hungary
202	9133	4	Hungaroring	Budapest	1090	2023-07-23	2023	hungaroring	hungary
203	9133	4	Hungaroring	Budapest	1090	2023-07-23	2023	hungaroring	hungary
204	9133	4	Hungaroring	Budapest	1090	2023-07-23	2023	hungaroring	hungary
205	9133	4	Hungaroring	Budapest	1090	2023-07-23	2023	hungaroring	hungary
206	9133	4	Hungaroring	Budapest	1090	2023-07-23	2023	hungaroring	hungary
207	9133	4	Hungaroring	Budapest	1090	2023-07-23	2023	hungaroring	hungary
208	9133	4	Hungaroring	Budapest	1090	2023-07-23	2023	hungaroring	hungary
209	9133	4	Hungaroring	Budapest	1090	2023-07-23	2023	hungaroring	hungary
210	9133	4	Hungaroring	Budapest	1090	2023-07-23	2023	hungaroring	hungary
211	9133	4	Hungaroring	Budapest	1090	2023-07-23	2023	hungaroring	hungary
212	9133	4	Hungaroring	Budapest	1090	2023-07-23	2023	hungaroring	hungary
213	9133	4	Hungaroring	Budapest	1090	2023-07-23	2023	hungaroring	hungary
214	9133	4	Hungaroring	Budapest	1090	2023-07-23	2023	hungaroring	hungary
215	9133	4	Hungaroring	Budapest	1090	2023-07-23	2023	hungaroring	hungary
216	9133	4	Hungaroring	Budapest	1090	2023-07-23	2023	hungaroring	hungary
217	9133	4	Hungaroring	Budapest	1090	2023-07-23	2023	hungaroring	hungary
218	9133	4	Hungaroring	Budapest	1090	2023-07-23	2023	hungaroring	hungary
219	9133	4	Hungaroring	Budapest	1090	2023-07-23	2023	hungaroring	hungary
220	9133	4	Hungaroring	Budapest	1090	2023-07-23	2023	hungaroring	hungary
221	9141	7	Spa-Francorchamps	Spa-Francorchamps	1091	2023-07-30	2023	spa-francorchamps	belgium
222	9141	7	Spa-Francorchamps	Spa-Francorchamps	1091	2023-07-30	2023	spa-francorchamps	belgium
223	9141	7	Spa-Francorchamps	Spa-Francorchamps	1091	2023-07-30	2023	spa-francorchamps	belgium
224	9141	7	Spa-Francorchamps	Spa-Francorchamps	1091	2023-07-30	2023	spa-francorchamps	belgium
225	9141	7	Spa-Francorchamps	Spa-Francorchamps	1091	2023-07-30	2023	spa-francorchamps	belgium
226	9141	7	Spa-Francorchamps	Spa-Francorchamps	1091	2023-07-30	2023	spa-francorchamps	belgium
227	9141	7	Spa-Francorchamps	Spa-Francorchamps	1091	2023-07-30	2023	spa-francorchamps	belgium
228	9141	7	Spa-Francorchamps	Spa-Francorchamps	1091	2023-07-30	2023	spa-francorchamps	belgium
229	9141	7	Spa-Francorchamps	Spa-Francorchamps	1091	2023-07-30	2023	spa-francorchamps	belgium
230	9141	7	Spa-Francorchamps	Spa-Francorchamps	1091	2023-07-30	2023	spa-francorchamps	belgium
231	9141	7	Spa-Francorchamps	Spa-Francorchamps	1091	2023-07-30	2023	spa-francorchamps	belgium
232	9141	7	Spa-Francorchamps	Spa-Francorchamps	1091	2023-07-30	2023	spa-francorchamps	belgium
233	9141	7	Spa-Francorchamps	Spa-Francorchamps	1091	2023-07-30	2023	spa-francorchamps	belgium
234	9141	7	Spa-Francorchamps	Spa-Francorchamps	1091	2023-07-30	2023	spa-francorchamps	belgium
235	9141	7	Spa-Francorchamps	Spa-Francorchamps	1091	2023-07-30	2023	spa-francorchamps	belgium
236	9141	7	Spa-Francorchamps	Spa-Francorchamps	1091	2023-07-30	2023	spa-francorchamps	belgium
237	9141	7	Spa-Francorchamps	Spa-Francorchamps	1091	2023-07-30	2023	spa-francorchamps	belgium
238	9141	7	Spa-Francorchamps	Spa-Francorchamps	1091	2023-07-30	2023	spa-francorchamps	belgium
239	9141	7	Spa-Francorchamps	Spa-Francorchamps	1091	2023-07-30	2023	spa-francorchamps	belgium
240	9141	7	Spa-Francorchamps	Spa-Francorchamps	1091	2023-07-30	2023	spa-francorchamps	belgium
241	9149	55	Zandvoort	Zandvoort	1092	2023-08-27	2023	zandvoort	netherlands
242	9149	55	Zandvoort	Zandvoort	1092	2023-08-27	2023	zandvoort	netherlands
243	9149	55	Zandvoort	Zandvoort	1092	2023-08-27	2023	zandvoort	netherlands
244	9149	55	Zandvoort	Zandvoort	1092	2023-08-27	2023	zandvoort	netherlands
245	9149	55	Zandvoort	Zandvoort	1092	2023-08-27	2023	zandvoort	netherlands
246	9149	55	Zandvoort	Zandvoort	1092	2023-08-27	2023	zandvoort	netherlands
247	9149	55	Zandvoort	Zandvoort	1092	2023-08-27	2023	zandvoort	netherlands
248	9149	55	Zandvoort	Zandvoort	1092	2023-08-27	2023	zandvoort	netherlands
249	9149	55	Zandvoort	Zandvoort	1092	2023-08-27	2023	zandvoort	netherlands
250	9149	55	Zandvoort	Zandvoort	1092	2023-08-27	2023	zandvoort	netherlands
251	9149	55	Zandvoort	Zandvoort	1092	2023-08-27	2023	zandvoort	netherlands
252	9149	55	Zandvoort	Zandvoort	1092	2023-08-27	2023	zandvoort	netherlands
253	9149	55	Zandvoort	Zandvoort	1092	2023-08-27	2023	zandvoort	netherlands
254	9149	55	Zandvoort	Zandvoort	1092	2023-08-27	2023	zandvoort	netherlands
255	9149	55	Zandvoort	Zandvoort	1092	2023-08-27	2023	zandvoort	netherlands
256	9149	55	Zandvoort	Zandvoort	1092	2023-08-27	2023	zandvoort	netherlands
257	9149	55	Zandvoort	Zandvoort	1092	2023-08-27	2023	zandvoort	netherlands
258	9149	55	Zandvoort	Zandvoort	1092	2023-08-27	2023	zandvoort	netherlands
259	9149	55	Zandvoort	Zandvoort	1092	2023-08-27	2023	zandvoort	netherlands
260	9149	55	Zandvoort	Zandvoort	1092	2023-08-27	2023	zandvoort	netherlands
261	9157	39	Monza	Monza	1093	2023-09-03	2023	monza	italy
262	9157	39	Monza	Monza	1093	2023-09-03	2023	monza	italy
263	9157	39	Monza	Monza	1093	2023-09-03	2023	monza	italy
264	9157	39	Monza	Monza	1093	2023-09-03	2023	monza	italy
265	9157	39	Monza	Monza	1093	2023-09-03	2023	monza	italy
266	9157	39	Monza	Monza	1093	2023-09-03	2023	monza	italy
267	9157	39	Monza	Monza	1093	2023-09-03	2023	monza	italy
268	9157	39	Monza	Monza	1093	2023-09-03	2023	monza	italy
269	9157	39	Monza	Monza	1093	2023-09-03	2023	monza	italy
270	9157	39	Monza	Monza	1093	2023-09-03	2023	monza	italy
271	9157	39	Monza	Monza	1093	2023-09-03	2023	monza	italy
272	9157	39	Monza	Monza	1093	2023-09-03	2023	monza	italy
273	9157	39	Monza	Monza	1093	2023-09-03	2023	monza	italy
274	9157	39	Monza	Monza	1093	2023-09-03	2023	monza	italy
275	9157	39	Monza	Monza	1093	2023-09-03	2023	monza	italy
276	9157	39	Monza	Monza	1093	2023-09-03	2023	monza	italy
277	9157	39	Monza	Monza	1093	2023-09-03	2023	monza	italy
278	9157	39	Monza	Monza	1093	2023-09-03	2023	monza	italy
279	9157	39	Monza	Monza	1093	2023-09-03	2023	monza	italy
280	9157	39	Monza	Monza	1093	2023-09-03	2023	monza	italy
281	9165	61	Singapore	Marina Bay	1094	2023-09-17	2023	marina-bay	singapore
282	9165	61	Singapore	Marina Bay	1094	2023-09-17	2023	marina-bay	singapore
283	9165	61	Singapore	Marina Bay	1094	2023-09-17	2023	marina-bay	singapore
284	9165	61	Singapore	Marina Bay	1094	2023-09-17	2023	marina-bay	singapore
285	9165	61	Singapore	Marina Bay	1094	2023-09-17	2023	marina-bay	singapore
286	9165	61	Singapore	Marina Bay	1094	2023-09-17	2023	marina-bay	singapore
287	9165	61	Singapore	Marina Bay	1094	2023-09-17	2023	marina-bay	singapore
288	9165	61	Singapore	Marina Bay	1094	2023-09-17	2023	marina-bay	singapore
289	9165	61	Singapore	Marina Bay	1094	2023-09-17	2023	marina-bay	singapore
290	9165	61	Singapore	Marina Bay	1094	2023-09-17	2023	marina-bay	singapore
291	9165	61	Singapore	Marina Bay	1094	2023-09-17	2023	marina-bay	singapore
292	9165	61	Singapore	Marina Bay	1094	2023-09-17	2023	marina-bay	singapore
293	9165	61	Singapore	Marina Bay	1094	2023-09-17	2023	marina-bay	singapore
294	9165	61	Singapore	Marina Bay	1094	2023-09-17	2023	marina-bay	singapore
295	9165	61	Singapore	Marina Bay	1094	2023-09-17	2023	marina-bay	singapore
296	9165	61	Singapore	Marina Bay	1094	2023-09-17	2023	marina-bay	singapore
297	9165	61	Singapore	Marina Bay	1094	2023-09-17	2023	marina-bay	singapore
298	9165	61	Singapore	Marina Bay	1094	2023-09-17	2023	marina-bay	singapore
299	9165	61	Singapore	Marina Bay	1094	2023-09-17	2023	marina-bay	singapore
300	9165	61	Singapore	Marina Bay	1094	2023-09-17	2023	marina-bay	singapore
301	9173	46	Suzuka	Suzuka	1095	2023-09-24	2023	suzuka	japan
302	9173	46	Suzuka	Suzuka	1095	2023-09-24	2023	suzuka	japan
303	9173	46	Suzuka	Suzuka	1095	2023-09-24	2023	suzuka	japan
304	9173	46	Suzuka	Suzuka	1095	2023-09-24	2023	suzuka	japan
305	9173	46	Suzuka	Suzuka	1095	2023-09-24	2023	suzuka	japan
306	9173	46	Suzuka	Suzuka	1095	2023-09-24	2023	suzuka	japan
307	9173	46	Suzuka	Suzuka	1095	2023-09-24	2023	suzuka	japan
308	9173	46	Suzuka	Suzuka	1095	2023-09-24	2023	suzuka	japan
309	9173	46	Suzuka	Suzuka	1095	2023-09-24	2023	suzuka	japan
310	9173	46	Suzuka	Suzuka	1095	2023-09-24	2023	suzuka	japan
311	9173	46	Suzuka	Suzuka	1095	2023-09-24	2023	suzuka	japan
312	9173	46	Suzuka	Suzuka	1095	2023-09-24	2023	suzuka	japan
313	9173	46	Suzuka	Suzuka	1095	2023-09-24	2023	suzuka	japan
314	9173	46	Suzuka	Suzuka	1095	2023-09-24	2023	suzuka	japan
315	9173	46	Suzuka	Suzuka	1095	2023-09-24	2023	suzuka	japan
316	9173	46	Suzuka	Suzuka	1095	2023-09-24	2023	suzuka	japan
317	9173	46	Suzuka	Suzuka	1095	2023-09-24	2023	suzuka	japan
318	9173	46	Suzuka	Suzuka	1095	2023-09-24	2023	suzuka	japan
319	9173	46	Suzuka	Suzuka	1095	2023-09-24	2023	suzuka	japan
320	9173	46	Suzuka	Suzuka	1095	2023-09-24	2023	suzuka	japan
321	9181	65	Mexico City	Mexico City	1098	2023-10-29	2023	mexico-city	mexico
322	9181	65	Mexico City	Mexico City	1098	2023-10-29	2023	mexico-city	mexico
323	9181	65	Mexico City	Mexico City	1098	2023-10-29	2023	mexico-city	mexico
324	9181	65	Mexico City	Mexico City	1098	2023-10-29	2023	mexico-city	mexico
325	9181	65	Mexico City	Mexico City	1098	2023-10-29	2023	mexico-city	mexico
326	9181	65	Mexico City	Mexico City	1098	2023-10-29	2023	mexico-city	mexico
327	9181	65	Mexico City	Mexico City	1098	2023-10-29	2023	mexico-city	mexico
328	9181	65	Mexico City	Mexico City	1098	2023-10-29	2023	mexico-city	mexico
329	9181	65	Mexico City	Mexico City	1098	2023-10-29	2023	mexico-city	mexico
330	9181	65	Mexico City	Mexico City	1098	2023-10-29	2023	mexico-city	mexico
331	9181	65	Mexico City	Mexico City	1098	2023-10-29	2023	mexico-city	mexico
332	9181	65	Mexico City	Mexico City	1098	2023-10-29	2023	mexico-city	mexico
333	9181	65	Mexico City	Mexico City	1098	2023-10-29	2023	mexico-city	mexico
334	9181	65	Mexico City	Mexico City	1098	2023-10-29	2023	mexico-city	mexico
335	9181	65	Mexico City	Mexico City	1098	2023-10-29	2023	mexico-city	mexico
336	9181	65	Mexico City	Mexico City	1098	2023-10-29	2023	mexico-city	mexico
337	9181	65	Mexico City	Mexico City	1098	2023-10-29	2023	mexico-city	mexico
338	9181	65	Mexico City	Mexico City	1098	2023-10-29	2023	mexico-city	mexico
339	9181	65	Mexico City	Mexico City	1098	2023-10-29	2023	mexico-city	mexico
340	9181	65	Mexico City	Mexico City	1098	2023-10-29	2023	mexico-city	mexico
341	9197	70	Yas Marina Circuit	Yas Island	1101	2023-11-26	2023	yas-marina	abu-dhabi
342	9197	70	Yas Marina Circuit	Yas Island	1101	2023-11-26	2023	yas-marina	abu-dhabi
343	9197	70	Yas Marina Circuit	Yas Island	1101	2023-11-26	2023	yas-marina	abu-dhabi
344	9197	70	Yas Marina Circuit	Yas Island	1101	2023-11-26	2023	yas-marina	abu-dhabi
345	9197	70	Yas Marina Circuit	Yas Island	1101	2023-11-26	2023	yas-marina	abu-dhabi
346	9197	70	Yas Marina Circuit	Yas Island	1101	2023-11-26	2023	yas-marina	abu-dhabi
347	9197	70	Yas Marina Circuit	Yas Island	1101	2023-11-26	2023	yas-marina	abu-dhabi
348	9197	70	Yas Marina Circuit	Yas Island	1101	2023-11-26	2023	yas-marina	abu-dhabi
349	9197	70	Yas Marina Circuit	Yas Island	1101	2023-11-26	2023	yas-marina	abu-dhabi
350	9197	70	Yas Marina Circuit	Yas Island	1101	2023-11-26	2023	yas-marina	abu-dhabi
351	9197	70	Yas Marina Circuit	Yas Island	1101	2023-11-26	2023	yas-marina	abu-dhabi
352	9197	70	Yas Marina Circuit	Yas Island	1101	2023-11-26	2023	yas-marina	abu-dhabi
353	9197	70	Yas Marina Circuit	Yas Island	1101	2023-11-26	2023	yas-marina	abu-dhabi
354	9197	70	Yas Marina Circuit	Yas Island	1101	2023-11-26	2023	yas-marina	abu-dhabi
355	9197	70	Yas Marina Circuit	Yas Island	1101	2023-11-26	2023	yas-marina	abu-dhabi
356	9197	70	Yas Marina Circuit	Yas Island	1101	2023-11-26	2023	yas-marina	abu-dhabi
357	9197	70	Yas Marina Circuit	Yas Island	1101	2023-11-26	2023	yas-marina	abu-dhabi
358	9197	70	Yas Marina Circuit	Yas Island	1101	2023-11-26	2023	yas-marina	abu-dhabi
359	9197	70	Yas Marina Circuit	Yas Island	1101	2023-11-26	2023	yas-marina	abu-dhabi
360	9197	70	Yas Marina Circuit	Yas Island	1101	2023-11-26	2023	yas-marina	abu-dhabi
361	9205	14	Interlagos	São Paulo	1099	2023-11-05	2023	interlagos	sao-paulo
362	9205	14	Interlagos	São Paulo	1099	2023-11-05	2023	interlagos	sao-paulo
363	9205	14	Interlagos	São Paulo	1099	2023-11-05	2023	interlagos	sao-paulo
364	9205	14	Interlagos	São Paulo	1099	2023-11-05	2023	interlagos	sao-paulo
365	9205	14	Interlagos	São Paulo	1099	2023-11-05	2023	interlagos	sao-paulo
366	9205	14	Interlagos	São Paulo	1099	2023-11-05	2023	interlagos	sao-paulo
367	9205	14	Interlagos	São Paulo	1099	2023-11-05	2023	interlagos	sao-paulo
368	9205	14	Interlagos	São Paulo	1099	2023-11-05	2023	interlagos	sao-paulo
369	9205	14	Interlagos	São Paulo	1099	2023-11-05	2023	interlagos	sao-paulo
370	9205	14	Interlagos	São Paulo	1099	2023-11-05	2023	interlagos	sao-paulo
371	9205	14	Interlagos	São Paulo	1099	2023-11-05	2023	interlagos	sao-paulo
372	9205	14	Interlagos	São Paulo	1099	2023-11-05	2023	interlagos	sao-paulo
373	9205	14	Interlagos	São Paulo	1099	2023-11-05	2023	interlagos	sao-paulo
374	9205	14	Interlagos	São Paulo	1099	2023-11-05	2023	interlagos	sao-paulo
375	9205	14	Interlagos	São Paulo	1099	2023-11-05	2023	interlagos	sao-paulo
376	9205	14	Interlagos	São Paulo	1099	2023-11-05	2023	interlagos	sao-paulo
377	9205	14	Interlagos	São Paulo	1099	2023-11-05	2023	interlagos	sao-paulo
378	9205	14	Interlagos	São Paulo	1099	2023-11-05	2023	interlagos	sao-paulo
379	9205	14	Interlagos	São Paulo	1099	2023-11-05	2023	interlagos	sao-paulo
380	9205	14	Interlagos	São Paulo	1099	2023-11-05	2023	interlagos	sao-paulo
381	9213	9	Austin	Austin	1097	2023-10-22	2023	austin	united-states
382	9213	9	Austin	Austin	1097	2023-10-22	2023	austin	united-states
383	9213	9	Austin	Austin	1097	2023-10-22	2023	austin	united-states
384	9213	9	Austin	Austin	1097	2023-10-22	2023	austin	united-states
385	9213	9	Austin	Austin	1097	2023-10-22	2023	austin	united-states
386	9213	9	Austin	Austin	1097	2023-10-22	2023	austin	united-states
387	9213	9	Austin	Austin	1097	2023-10-22	2023	austin	united-states
388	9213	9	Austin	Austin	1097	2023-10-22	2023	austin	united-states
389	9213	9	Austin	Austin	1097	2023-10-22	2023	austin	united-states
390	9213	9	Austin	Austin	1097	2023-10-22	2023	austin	united-states
391	9213	9	Austin	Austin	1097	2023-10-22	2023	austin	united-states
392	9213	9	Austin	Austin	1097	2023-10-22	2023	austin	united-states
393	9213	9	Austin	Austin	1097	2023-10-22	2023	austin	united-states
394	9213	9	Austin	Austin	1097	2023-10-22	2023	austin	united-states
395	9213	9	Austin	Austin	1097	2023-10-22	2023	austin	united-states
396	9213	9	Austin	Austin	1097	2023-10-22	2023	austin	united-states
397	9213	9	Austin	Austin	1097	2023-10-22	2023	austin	united-states
398	9213	9	Austin	Austin	1097	2023-10-22	2023	austin	united-states
399	9213	9	Austin	Austin	1097	2023-10-22	2023	austin	united-states
400	9213	9	Austin	Austin	1097	2023-10-22	2023	austin	united-states
401	9221	150	Lusail	Lusail	1096	2023-10-08	2023	lusail	qatar
402	9221	150	Lusail	Lusail	1096	2023-10-08	2023	lusail	qatar
403	9221	150	Lusail	Lusail	1096	2023-10-08	2023	lusail	qatar
404	9221	150	Lusail	Lusail	1096	2023-10-08	2023	lusail	qatar
405	9221	150	Lusail	Lusail	1096	2023-10-08	2023	lusail	qatar
406	9221	150	Lusail	Lusail	1096	2023-10-08	2023	lusail	qatar
407	9221	150	Lusail	Lusail	1096	2023-10-08	2023	lusail	qatar
408	9221	150	Lusail	Lusail	1096	2023-10-08	2023	lusail	qatar
409	9221	150	Lusail	Lusail	1096	2023-10-08	2023	lusail	qatar
410	9221	150	Lusail	Lusail	1096	2023-10-08	2023	lusail	qatar
411	9221	150	Lusail	Lusail	1096	2023-10-08	2023	lusail	qatar
412	9221	150	Lusail	Lusail	1096	2023-10-08	2023	lusail	qatar
413	9221	150	Lusail	Lusail	1096	2023-10-08	2023	lusail	qatar
414	9221	150	Lusail	Lusail	1096	2023-10-08	2023	lusail	qatar
415	9221	150	Lusail	Lusail	1096	2023-10-08	2023	lusail	qatar
416	9221	150	Lusail	Lusail	1096	2023-10-08	2023	lusail	qatar
417	9221	150	Lusail	Lusail	1096	2023-10-08	2023	lusail	qatar
418	9221	150	Lusail	Lusail	1096	2023-10-08	2023	lusail	qatar
419	9221	150	Lusail	Lusail	1096	2023-10-08	2023	lusail	qatar
420	9221	150	Lusail	Lusail	1096	2023-10-08	2023	lusail	qatar
421	9472	63	Sakhir	Sakhir	1102	2024-03-02	2024	bahrain	bahrain
422	9472	63	Sakhir	Sakhir	1102	2024-03-02	2024	bahrain	bahrain
423	9472	63	Sakhir	Sakhir	1102	2024-03-02	2024	bahrain	bahrain
424	9472	63	Sakhir	Sakhir	1102	2024-03-02	2024	bahrain	bahrain
425	9472	63	Sakhir	Sakhir	1102	2024-03-02	2024	bahrain	bahrain
426	9472	63	Sakhir	Sakhir	1102	2024-03-02	2024	bahrain	bahrain
427	9472	63	Sakhir	Sakhir	1102	2024-03-02	2024	bahrain	bahrain
428	9472	63	Sakhir	Sakhir	1102	2024-03-02	2024	bahrain	bahrain
429	9472	63	Sakhir	Sakhir	1102	2024-03-02	2024	bahrain	bahrain
430	9472	63	Sakhir	Sakhir	1102	2024-03-02	2024	bahrain	bahrain
431	9472	63	Sakhir	Sakhir	1102	2024-03-02	2024	bahrain	bahrain
432	9472	63	Sakhir	Sakhir	1102	2024-03-02	2024	bahrain	bahrain
433	9472	63	Sakhir	Sakhir	1102	2024-03-02	2024	bahrain	bahrain
434	9472	63	Sakhir	Sakhir	1102	2024-03-02	2024	bahrain	bahrain
435	9472	63	Sakhir	Sakhir	1102	2024-03-02	2024	bahrain	bahrain
436	9472	63	Sakhir	Sakhir	1102	2024-03-02	2024	bahrain	bahrain
437	9472	63	Sakhir	Sakhir	1102	2024-03-02	2024	bahrain	bahrain
438	9472	63	Sakhir	Sakhir	1102	2024-03-02	2024	bahrain	bahrain
439	9472	63	Sakhir	Sakhir	1102	2024-03-02	2024	bahrain	bahrain
440	9472	63	Sakhir	Sakhir	1102	2024-03-02	2024	bahrain	bahrain
441	9480	149	Jeddah	Jeddah	1103	2024-03-09	2024	jeddah	saudi-arabia
442	9480	149	Jeddah	Jeddah	1103	2024-03-09	2024	jeddah	saudi-arabia
443	9480	149	Jeddah	Jeddah	1103	2024-03-09	2024	jeddah	saudi-arabia
444	9480	149	Jeddah	Jeddah	1103	2024-03-09	2024	jeddah	saudi-arabia
445	9480	149	Jeddah	Jeddah	1103	2024-03-09	2024	jeddah	saudi-arabia
446	9480	149	Jeddah	Jeddah	1103	2024-03-09	2024	jeddah	saudi-arabia
447	9480	149	Jeddah	Jeddah	1103	2024-03-09	2024	jeddah	saudi-arabia
448	9480	149	Jeddah	Jeddah	1103	2024-03-09	2024	jeddah	saudi-arabia
449	9480	149	Jeddah	Jeddah	1103	2024-03-09	2024	jeddah	saudi-arabia
450	9480	149	Jeddah	Jeddah	1103	2024-03-09	2024	jeddah	saudi-arabia
451	9480	149	Jeddah	Jeddah	1103	2024-03-09	2024	jeddah	saudi-arabia
452	9480	149	Jeddah	Jeddah	1103	2024-03-09	2024	jeddah	saudi-arabia
453	9480	149	Jeddah	Jeddah	1103	2024-03-09	2024	jeddah	saudi-arabia
454	9480	149	Jeddah	Jeddah	1103	2024-03-09	2024	jeddah	saudi-arabia
455	9480	149	Jeddah	Jeddah	1103	2024-03-09	2024	jeddah	saudi-arabia
456	9480	149	Jeddah	Jeddah	1103	2024-03-09	2024	jeddah	saudi-arabia
457	9480	149	Jeddah	Jeddah	1103	2024-03-09	2024	jeddah	saudi-arabia
458	9480	149	Jeddah	Jeddah	1103	2024-03-09	2024	jeddah	saudi-arabia
459	9480	149	Jeddah	Jeddah	1103	2024-03-09	2024	jeddah	saudi-arabia
460	9480	149	Jeddah	Jeddah	1103	2024-03-09	2024	jeddah	saudi-arabia
461	9488	10	Melbourne	Melbourne	1104	2024-03-24	2024	melbourne	australia
462	9488	10	Melbourne	Melbourne	1104	2024-03-24	2024	melbourne	australia
463	9488	10	Melbourne	Melbourne	1104	2024-03-24	2024	melbourne	australia
464	9488	10	Melbourne	Melbourne	1104	2024-03-24	2024	melbourne	australia
465	9488	10	Melbourne	Melbourne	1104	2024-03-24	2024	melbourne	australia
466	9488	10	Melbourne	Melbourne	1104	2024-03-24	2024	melbourne	australia
467	9488	10	Melbourne	Melbourne	1104	2024-03-24	2024	melbourne	australia
468	9488	10	Melbourne	Melbourne	1104	2024-03-24	2024	melbourne	australia
469	9488	10	Melbourne	Melbourne	1104	2024-03-24	2024	melbourne	australia
470	9488	10	Melbourne	Melbourne	1104	2024-03-24	2024	melbourne	australia
471	9488	10	Melbourne	Melbourne	1104	2024-03-24	2024	melbourne	australia
472	9488	10	Melbourne	Melbourne	1104	2024-03-24	2024	melbourne	australia
473	9488	10	Melbourne	Melbourne	1104	2024-03-24	2024	melbourne	australia
474	9488	10	Melbourne	Melbourne	1104	2024-03-24	2024	melbourne	australia
475	9488	10	Melbourne	Melbourne	1104	2024-03-24	2024	melbourne	australia
476	9488	10	Melbourne	Melbourne	1104	2024-03-24	2024	melbourne	australia
477	9488	10	Melbourne	Melbourne	1104	2024-03-24	2024	melbourne	australia
478	9488	10	Melbourne	Melbourne	1104	2024-03-24	2024	melbourne	australia
479	9488	10	Melbourne	Melbourne	1104	2024-03-24	2024	melbourne	australia
480	9496	46	Suzuka	Suzuka	1105	2024-04-07	2024	suzuka	japan
481	9496	46	Suzuka	Suzuka	1105	2024-04-07	2024	suzuka	japan
482	9496	46	Suzuka	Suzuka	1105	2024-04-07	2024	suzuka	japan
483	9496	46	Suzuka	Suzuka	1105	2024-04-07	2024	suzuka	japan
484	9496	46	Suzuka	Suzuka	1105	2024-04-07	2024	suzuka	japan
485	9496	46	Suzuka	Suzuka	1105	2024-04-07	2024	suzuka	japan
486	9496	46	Suzuka	Suzuka	1105	2024-04-07	2024	suzuka	japan
487	9496	46	Suzuka	Suzuka	1105	2024-04-07	2024	suzuka	japan
488	9496	46	Suzuka	Suzuka	1105	2024-04-07	2024	suzuka	japan
489	9496	46	Suzuka	Suzuka	1105	2024-04-07	2024	suzuka	japan
490	9496	46	Suzuka	Suzuka	1105	2024-04-07	2024	suzuka	japan
491	9496	46	Suzuka	Suzuka	1105	2024-04-07	2024	suzuka	japan
492	9496	46	Suzuka	Suzuka	1105	2024-04-07	2024	suzuka	japan
493	9496	46	Suzuka	Suzuka	1105	2024-04-07	2024	suzuka	japan
494	9496	46	Suzuka	Suzuka	1105	2024-04-07	2024	suzuka	japan
495	9496	46	Suzuka	Suzuka	1105	2024-04-07	2024	suzuka	japan
496	9496	46	Suzuka	Suzuka	1105	2024-04-07	2024	suzuka	japan
497	9496	46	Suzuka	Suzuka	1105	2024-04-07	2024	suzuka	japan
498	9496	46	Suzuka	Suzuka	1105	2024-04-07	2024	suzuka	japan
499	9496	46	Suzuka	Suzuka	1105	2024-04-07	2024	suzuka	japan
500	9507	151	Miami	Miami	1107	2024-05-05	2024	miami	miami
501	9507	151	Miami	Miami	1107	2024-05-05	2024	miami	miami
502	9507	151	Miami	Miami	1107	2024-05-05	2024	miami	miami
503	9507	151	Miami	Miami	1107	2024-05-05	2024	miami	miami
504	9507	151	Miami	Miami	1107	2024-05-05	2024	miami	miami
505	9507	151	Miami	Miami	1107	2024-05-05	2024	miami	miami
506	9507	151	Miami	Miami	1107	2024-05-05	2024	miami	miami
507	9507	151	Miami	Miami	1107	2024-05-05	2024	miami	miami
508	9507	151	Miami	Miami	1107	2024-05-05	2024	miami	miami
509	9507	151	Miami	Miami	1107	2024-05-05	2024	miami	miami
510	9507	151	Miami	Miami	1107	2024-05-05	2024	miami	miami
511	9507	151	Miami	Miami	1107	2024-05-05	2024	miami	miami
512	9507	151	Miami	Miami	1107	2024-05-05	2024	miami	miami
513	9507	151	Miami	Miami	1107	2024-05-05	2024	miami	miami
514	9507	151	Miami	Miami	1107	2024-05-05	2024	miami	miami
515	9507	151	Miami	Miami	1107	2024-05-05	2024	miami	miami
516	9507	151	Miami	Miami	1107	2024-05-05	2024	miami	miami
517	9507	151	Miami	Miami	1107	2024-05-05	2024	miami	miami
518	9507	151	Miami	Miami	1107	2024-05-05	2024	miami	miami
519	9507	151	Miami	Miami	1107	2024-05-05	2024	miami	miami
520	9515	6	Imola	Imola	1108	2024-05-19	2024	imola	emilia-romagna
521	9515	6	Imola	Imola	1108	2024-05-19	2024	imola	emilia-romagna
522	9515	6	Imola	Imola	1108	2024-05-19	2024	imola	emilia-romagna
523	9515	6	Imola	Imola	1108	2024-05-19	2024	imola	emilia-romagna
524	9515	6	Imola	Imola	1108	2024-05-19	2024	imola	emilia-romagna
525	9515	6	Imola	Imola	1108	2024-05-19	2024	imola	emilia-romagna
526	9515	6	Imola	Imola	1108	2024-05-19	2024	imola	emilia-romagna
527	9515	6	Imola	Imola	1108	2024-05-19	2024	imola	emilia-romagna
528	9515	6	Imola	Imola	1108	2024-05-19	2024	imola	emilia-romagna
529	9515	6	Imola	Imola	1108	2024-05-19	2024	imola	emilia-romagna
530	9515	6	Imola	Imola	1108	2024-05-19	2024	imola	emilia-romagna
531	9515	6	Imola	Imola	1108	2024-05-19	2024	imola	emilia-romagna
532	9515	6	Imola	Imola	1108	2024-05-19	2024	imola	emilia-romagna
533	9515	6	Imola	Imola	1108	2024-05-19	2024	imola	emilia-romagna
534	9515	6	Imola	Imola	1108	2024-05-19	2024	imola	emilia-romagna
535	9515	6	Imola	Imola	1108	2024-05-19	2024	imola	emilia-romagna
536	9515	6	Imola	Imola	1108	2024-05-19	2024	imola	emilia-romagna
537	9515	6	Imola	Imola	1108	2024-05-19	2024	imola	emilia-romagna
538	9515	6	Imola	Imola	1108	2024-05-19	2024	imola	emilia-romagna
539	9515	6	Imola	Imola	1108	2024-05-19	2024	imola	emilia-romagna
540	9523	22	Monte Carlo	Monaco	1109	2024-05-26	2024	monaco	monaco
541	9523	22	Monte Carlo	Monaco	1109	2024-05-26	2024	monaco	monaco
542	9523	22	Monte Carlo	Monaco	1109	2024-05-26	2024	monaco	monaco
543	9523	22	Monte Carlo	Monaco	1109	2024-05-26	2024	monaco	monaco
544	9523	22	Monte Carlo	Monaco	1109	2024-05-26	2024	monaco	monaco
545	9523	22	Monte Carlo	Monaco	1109	2024-05-26	2024	monaco	monaco
546	9523	22	Monte Carlo	Monaco	1109	2024-05-26	2024	monaco	monaco
547	9523	22	Monte Carlo	Monaco	1109	2024-05-26	2024	monaco	monaco
548	9523	22	Monte Carlo	Monaco	1109	2024-05-26	2024	monaco	monaco
549	9523	22	Monte Carlo	Monaco	1109	2024-05-26	2024	monaco	monaco
550	9523	22	Monte Carlo	Monaco	1109	2024-05-26	2024	monaco	monaco
551	9523	22	Monte Carlo	Monaco	1109	2024-05-26	2024	monaco	monaco
552	9523	22	Monte Carlo	Monaco	1109	2024-05-26	2024	monaco	monaco
553	9523	22	Monte Carlo	Monaco	1109	2024-05-26	2024	monaco	monaco
554	9523	22	Monte Carlo	Monaco	1109	2024-05-26	2024	monaco	monaco
555	9523	22	Monte Carlo	Monaco	1109	2024-05-26	2024	monaco	monaco
556	9523	22	Monte Carlo	Monaco	1109	2024-05-26	2024	monaco	monaco
557	9523	22	Monte Carlo	Monaco	1109	2024-05-26	2024	monaco	monaco
558	9523	22	Monte Carlo	Monaco	1109	2024-05-26	2024	monaco	monaco
559	9523	22	Monte Carlo	Monaco	1109	2024-05-26	2024	monaco	monaco
560	9531	23	Montreal	Montréal	1110	2024-06-09	2024	montreal	canada
561	9531	23	Montreal	Montréal	1110	2024-06-09	2024	montreal	canada
562	9531	23	Montreal	Montréal	1110	2024-06-09	2024	montreal	canada
563	9531	23	Montreal	Montréal	1110	2024-06-09	2024	montreal	canada
564	9531	23	Montreal	Montréal	1110	2024-06-09	2024	montreal	canada
565	9531	23	Montreal	Montréal	1110	2024-06-09	2024	montreal	canada
566	9531	23	Montreal	Montréal	1110	2024-06-09	2024	montreal	canada
567	9531	23	Montreal	Montréal	1110	2024-06-09	2024	montreal	canada
568	9531	23	Montreal	Montréal	1110	2024-06-09	2024	montreal	canada
569	9531	23	Montreal	Montréal	1110	2024-06-09	2024	montreal	canada
570	9531	23	Montreal	Montréal	1110	2024-06-09	2024	montreal	canada
571	9531	23	Montreal	Montréal	1110	2024-06-09	2024	montreal	canada
572	9531	23	Montreal	Montréal	1110	2024-06-09	2024	montreal	canada
573	9531	23	Montreal	Montréal	1110	2024-06-09	2024	montreal	canada
574	9531	23	Montreal	Montréal	1110	2024-06-09	2024	montreal	canada
575	9531	23	Montreal	Montréal	1110	2024-06-09	2024	montreal	canada
576	9531	23	Montreal	Montréal	1110	2024-06-09	2024	montreal	canada
577	9531	23	Montreal	Montréal	1110	2024-06-09	2024	montreal	canada
578	9531	23	Montreal	Montréal	1110	2024-06-09	2024	montreal	canada
579	9531	23	Montreal	Montréal	1110	2024-06-09	2024	montreal	canada
580	9539	15	Catalunya	Barcelona	1111	2024-06-23	2024	catalunya	spain
581	9539	15	Catalunya	Barcelona	1111	2024-06-23	2024	catalunya	spain
582	9539	15	Catalunya	Barcelona	1111	2024-06-23	2024	catalunya	spain
583	9539	15	Catalunya	Barcelona	1111	2024-06-23	2024	catalunya	spain
584	9539	15	Catalunya	Barcelona	1111	2024-06-23	2024	catalunya	spain
585	9539	15	Catalunya	Barcelona	1111	2024-06-23	2024	catalunya	spain
586	9539	15	Catalunya	Barcelona	1111	2024-06-23	2024	catalunya	spain
587	9539	15	Catalunya	Barcelona	1111	2024-06-23	2024	catalunya	spain
588	9539	15	Catalunya	Barcelona	1111	2024-06-23	2024	catalunya	spain
589	9539	15	Catalunya	Barcelona	1111	2024-06-23	2024	catalunya	spain
590	9539	15	Catalunya	Barcelona	1111	2024-06-23	2024	catalunya	spain
591	9539	15	Catalunya	Barcelona	1111	2024-06-23	2024	catalunya	spain
592	9539	15	Catalunya	Barcelona	1111	2024-06-23	2024	catalunya	spain
593	9539	15	Catalunya	Barcelona	1111	2024-06-23	2024	catalunya	spain
594	9539	15	Catalunya	Barcelona	1111	2024-06-23	2024	catalunya	spain
595	9539	15	Catalunya	Barcelona	1111	2024-06-23	2024	catalunya	spain
596	9539	15	Catalunya	Barcelona	1111	2024-06-23	2024	catalunya	spain
597	9539	15	Catalunya	Barcelona	1111	2024-06-23	2024	catalunya	spain
598	9539	15	Catalunya	Barcelona	1111	2024-06-23	2024	catalunya	spain
599	9539	15	Catalunya	Barcelona	1111	2024-06-23	2024	catalunya	spain
600	9550	19	Spielberg	Spielberg	1112	2024-06-30	2024	spielberg	austria
601	9550	19	Spielberg	Spielberg	1112	2024-06-30	2024	spielberg	austria
602	9550	19	Spielberg	Spielberg	1112	2024-06-30	2024	spielberg	austria
603	9550	19	Spielberg	Spielberg	1112	2024-06-30	2024	spielberg	austria
604	9550	19	Spielberg	Spielberg	1112	2024-06-30	2024	spielberg	austria
605	9550	19	Spielberg	Spielberg	1112	2024-06-30	2024	spielberg	austria
606	9550	19	Spielberg	Spielberg	1112	2024-06-30	2024	spielberg	austria
607	9550	19	Spielberg	Spielberg	1112	2024-06-30	2024	spielberg	austria
608	9550	19	Spielberg	Spielberg	1112	2024-06-30	2024	spielberg	austria
609	9550	19	Spielberg	Spielberg	1112	2024-06-30	2024	spielberg	austria
610	9550	19	Spielberg	Spielberg	1112	2024-06-30	2024	spielberg	austria
611	9550	19	Spielberg	Spielberg	1112	2024-06-30	2024	spielberg	austria
612	9550	19	Spielberg	Spielberg	1112	2024-06-30	2024	spielberg	austria
613	9550	19	Spielberg	Spielberg	1112	2024-06-30	2024	spielberg	austria
614	9550	19	Spielberg	Spielberg	1112	2024-06-30	2024	spielberg	austria
615	9550	19	Spielberg	Spielberg	1112	2024-06-30	2024	spielberg	austria
616	9550	19	Spielberg	Spielberg	1112	2024-06-30	2024	spielberg	austria
617	9550	19	Spielberg	Spielberg	1112	2024-06-30	2024	spielberg	austria
618	9550	19	Spielberg	Spielberg	1112	2024-06-30	2024	spielberg	austria
619	9550	19	Spielberg	Spielberg	1112	2024-06-30	2024	spielberg	austria
620	9558	2	Silverstone	Silverstone	1113	2024-07-07	2024	silverstone	great-britain
621	9558	2	Silverstone	Silverstone	1113	2024-07-07	2024	silverstone	great-britain
622	9558	2	Silverstone	Silverstone	1113	2024-07-07	2024	silverstone	great-britain
623	9558	2	Silverstone	Silverstone	1113	2024-07-07	2024	silverstone	great-britain
624	9558	2	Silverstone	Silverstone	1113	2024-07-07	2024	silverstone	great-britain
625	9558	2	Silverstone	Silverstone	1113	2024-07-07	2024	silverstone	great-britain
626	9558	2	Silverstone	Silverstone	1113	2024-07-07	2024	silverstone	great-britain
627	9558	2	Silverstone	Silverstone	1113	2024-07-07	2024	silverstone	great-britain
628	9558	2	Silverstone	Silverstone	1113	2024-07-07	2024	silverstone	great-britain
629	9558	2	Silverstone	Silverstone	1113	2024-07-07	2024	silverstone	great-britain
630	9558	2	Silverstone	Silverstone	1113	2024-07-07	2024	silverstone	great-britain
631	9558	2	Silverstone	Silverstone	1113	2024-07-07	2024	silverstone	great-britain
632	9558	2	Silverstone	Silverstone	1113	2024-07-07	2024	silverstone	great-britain
633	9558	2	Silverstone	Silverstone	1113	2024-07-07	2024	silverstone	great-britain
634	9558	2	Silverstone	Silverstone	1113	2024-07-07	2024	silverstone	great-britain
635	9558	2	Silverstone	Silverstone	1113	2024-07-07	2024	silverstone	great-britain
636	9558	2	Silverstone	Silverstone	1113	2024-07-07	2024	silverstone	great-britain
637	9558	2	Silverstone	Silverstone	1113	2024-07-07	2024	silverstone	great-britain
638	9558	2	Silverstone	Silverstone	1113	2024-07-07	2024	silverstone	great-britain
639	9558	2	Silverstone	Silverstone	1113	2024-07-07	2024	silverstone	great-britain
640	9566	4	Hungaroring	Budapest	1114	2024-07-21	2024	hungaroring	hungary
641	9566	4	Hungaroring	Budapest	1114	2024-07-21	2024	hungaroring	hungary
642	9566	4	Hungaroring	Budapest	1114	2024-07-21	2024	hungaroring	hungary
643	9566	4	Hungaroring	Budapest	1114	2024-07-21	2024	hungaroring	hungary
644	9566	4	Hungaroring	Budapest	1114	2024-07-21	2024	hungaroring	hungary
645	9566	4	Hungaroring	Budapest	1114	2024-07-21	2024	hungaroring	hungary
646	9566	4	Hungaroring	Budapest	1114	2024-07-21	2024	hungaroring	hungary
647	9566	4	Hungaroring	Budapest	1114	2024-07-21	2024	hungaroring	hungary
648	9566	4	Hungaroring	Budapest	1114	2024-07-21	2024	hungaroring	hungary
649	9566	4	Hungaroring	Budapest	1114	2024-07-21	2024	hungaroring	hungary
650	9566	4	Hungaroring	Budapest	1114	2024-07-21	2024	hungaroring	hungary
651	9566	4	Hungaroring	Budapest	1114	2024-07-21	2024	hungaroring	hungary
652	9566	4	Hungaroring	Budapest	1114	2024-07-21	2024	hungaroring	hungary
653	9566	4	Hungaroring	Budapest	1114	2024-07-21	2024	hungaroring	hungary
654	9566	4	Hungaroring	Budapest	1114	2024-07-21	2024	hungaroring	hungary
655	9566	4	Hungaroring	Budapest	1114	2024-07-21	2024	hungaroring	hungary
656	9566	4	Hungaroring	Budapest	1114	2024-07-21	2024	hungaroring	hungary
657	9566	4	Hungaroring	Budapest	1114	2024-07-21	2024	hungaroring	hungary
658	9566	4	Hungaroring	Budapest	1114	2024-07-21	2024	hungaroring	hungary
659	9566	4	Hungaroring	Budapest	1114	2024-07-21	2024	hungaroring	hungary
660	9574	7	Spa-Francorchamps	Spa-Francorchamps	1115	2024-07-28	2024	spa-francorchamps	belgium
661	9574	7	Spa-Francorchamps	Spa-Francorchamps	1115	2024-07-28	2024	spa-francorchamps	belgium
662	9574	7	Spa-Francorchamps	Spa-Francorchamps	1115	2024-07-28	2024	spa-francorchamps	belgium
663	9574	7	Spa-Francorchamps	Spa-Francorchamps	1115	2024-07-28	2024	spa-francorchamps	belgium
664	9574	7	Spa-Francorchamps	Spa-Francorchamps	1115	2024-07-28	2024	spa-francorchamps	belgium
665	9574	7	Spa-Francorchamps	Spa-Francorchamps	1115	2024-07-28	2024	spa-francorchamps	belgium
666	9574	7	Spa-Francorchamps	Spa-Francorchamps	1115	2024-07-28	2024	spa-francorchamps	belgium
667	9574	7	Spa-Francorchamps	Spa-Francorchamps	1115	2024-07-28	2024	spa-francorchamps	belgium
668	9574	7	Spa-Francorchamps	Spa-Francorchamps	1115	2024-07-28	2024	spa-francorchamps	belgium
669	9574	7	Spa-Francorchamps	Spa-Francorchamps	1115	2024-07-28	2024	spa-francorchamps	belgium
670	9574	7	Spa-Francorchamps	Spa-Francorchamps	1115	2024-07-28	2024	spa-francorchamps	belgium
671	9574	7	Spa-Francorchamps	Spa-Francorchamps	1115	2024-07-28	2024	spa-francorchamps	belgium
672	9574	7	Spa-Francorchamps	Spa-Francorchamps	1115	2024-07-28	2024	spa-francorchamps	belgium
673	9574	7	Spa-Francorchamps	Spa-Francorchamps	1115	2024-07-28	2024	spa-francorchamps	belgium
674	9574	7	Spa-Francorchamps	Spa-Francorchamps	1115	2024-07-28	2024	spa-francorchamps	belgium
675	9574	7	Spa-Francorchamps	Spa-Francorchamps	1115	2024-07-28	2024	spa-francorchamps	belgium
676	9574	7	Spa-Francorchamps	Spa-Francorchamps	1115	2024-07-28	2024	spa-francorchamps	belgium
677	9574	7	Spa-Francorchamps	Spa-Francorchamps	1115	2024-07-28	2024	spa-francorchamps	belgium
678	9574	7	Spa-Francorchamps	Spa-Francorchamps	1115	2024-07-28	2024	spa-francorchamps	belgium
679	9574	7	Spa-Francorchamps	Spa-Francorchamps	1115	2024-07-28	2024	spa-francorchamps	belgium
680	9582	55	Zandvoort	Zandvoort	1116	2024-08-25	2024	zandvoort	netherlands
681	9582	55	Zandvoort	Zandvoort	1116	2024-08-25	2024	zandvoort	netherlands
682	9582	55	Zandvoort	Zandvoort	1116	2024-08-25	2024	zandvoort	netherlands
683	9582	55	Zandvoort	Zandvoort	1116	2024-08-25	2024	zandvoort	netherlands
684	9582	55	Zandvoort	Zandvoort	1116	2024-08-25	2024	zandvoort	netherlands
685	9582	55	Zandvoort	Zandvoort	1116	2024-08-25	2024	zandvoort	netherlands
686	9582	55	Zandvoort	Zandvoort	1116	2024-08-25	2024	zandvoort	netherlands
687	9582	55	Zandvoort	Zandvoort	1116	2024-08-25	2024	zandvoort	netherlands
688	9582	55	Zandvoort	Zandvoort	1116	2024-08-25	2024	zandvoort	netherlands
689	9582	55	Zandvoort	Zandvoort	1116	2024-08-25	2024	zandvoort	netherlands
690	9582	55	Zandvoort	Zandvoort	1116	2024-08-25	2024	zandvoort	netherlands
691	9582	55	Zandvoort	Zandvoort	1116	2024-08-25	2024	zandvoort	netherlands
692	9582	55	Zandvoort	Zandvoort	1116	2024-08-25	2024	zandvoort	netherlands
693	9582	55	Zandvoort	Zandvoort	1116	2024-08-25	2024	zandvoort	netherlands
694	9582	55	Zandvoort	Zandvoort	1116	2024-08-25	2024	zandvoort	netherlands
695	9582	55	Zandvoort	Zandvoort	1116	2024-08-25	2024	zandvoort	netherlands
696	9582	55	Zandvoort	Zandvoort	1116	2024-08-25	2024	zandvoort	netherlands
697	9582	55	Zandvoort	Zandvoort	1116	2024-08-25	2024	zandvoort	netherlands
698	9582	55	Zandvoort	Zandvoort	1116	2024-08-25	2024	zandvoort	netherlands
699	9590	39	Monza	Monza	1117	2024-09-01	2024	monza	italy
700	9590	39	Monza	Monza	1117	2024-09-01	2024	monza	italy
701	9590	39	Monza	Monza	1117	2024-09-01	2024	monza	italy
702	9590	39	Monza	Monza	1117	2024-09-01	2024	monza	italy
703	9590	39	Monza	Monza	1117	2024-09-01	2024	monza	italy
704	9590	39	Monza	Monza	1117	2024-09-01	2024	monza	italy
705	9590	39	Monza	Monza	1117	2024-09-01	2024	monza	italy
706	9590	39	Monza	Monza	1117	2024-09-01	2024	monza	italy
707	9590	39	Monza	Monza	1117	2024-09-01	2024	monza	italy
708	9590	39	Monza	Monza	1117	2024-09-01	2024	monza	italy
709	9590	39	Monza	Monza	1117	2024-09-01	2024	monza	italy
710	9590	39	Monza	Monza	1117	2024-09-01	2024	monza	italy
711	9590	39	Monza	Monza	1117	2024-09-01	2024	monza	italy
712	9590	39	Monza	Monza	1117	2024-09-01	2024	monza	italy
713	9590	39	Monza	Monza	1117	2024-09-01	2024	monza	italy
714	9590	39	Monza	Monza	1117	2024-09-01	2024	monza	italy
715	9590	39	Monza	Monza	1117	2024-09-01	2024	monza	italy
716	9590	39	Monza	Monza	1117	2024-09-01	2024	monza	italy
717	9590	39	Monza	Monza	1117	2024-09-01	2024	monza	italy
718	9590	39	Monza	Monza	1117	2024-09-01	2024	monza	italy
719	9598	144	Baku	Baku	1118	2024-09-15	2024	baku	azerbaijan
720	9598	144	Baku	Baku	1118	2024-09-15	2024	baku	azerbaijan
721	9598	144	Baku	Baku	1118	2024-09-15	2024	baku	azerbaijan
722	9598	144	Baku	Baku	1118	2024-09-15	2024	baku	azerbaijan
723	9598	144	Baku	Baku	1118	2024-09-15	2024	baku	azerbaijan
724	9598	144	Baku	Baku	1118	2024-09-15	2024	baku	azerbaijan
725	9598	144	Baku	Baku	1118	2024-09-15	2024	baku	azerbaijan
726	9598	144	Baku	Baku	1118	2024-09-15	2024	baku	azerbaijan
727	9598	144	Baku	Baku	1118	2024-09-15	2024	baku	azerbaijan
728	9598	144	Baku	Baku	1118	2024-09-15	2024	baku	azerbaijan
729	9598	144	Baku	Baku	1118	2024-09-15	2024	baku	azerbaijan
730	9598	144	Baku	Baku	1118	2024-09-15	2024	baku	azerbaijan
731	9598	144	Baku	Baku	1118	2024-09-15	2024	baku	azerbaijan
732	9598	144	Baku	Baku	1118	2024-09-15	2024	baku	azerbaijan
733	9598	144	Baku	Baku	1118	2024-09-15	2024	baku	azerbaijan
734	9598	144	Baku	Baku	1118	2024-09-15	2024	baku	azerbaijan
735	9598	144	Baku	Baku	1118	2024-09-15	2024	baku	azerbaijan
736	9598	144	Baku	Baku	1118	2024-09-15	2024	baku	azerbaijan
737	9598	144	Baku	Baku	1118	2024-09-15	2024	baku	azerbaijan
738	9598	144	Baku	Baku	1118	2024-09-15	2024	baku	azerbaijan
739	9606	61	Singapore	Marina Bay	1119	2024-09-22	2024	marina-bay	singapore
740	9606	61	Singapore	Marina Bay	1119	2024-09-22	2024	marina-bay	singapore
741	9606	61	Singapore	Marina Bay	1119	2024-09-22	2024	marina-bay	singapore
742	9606	61	Singapore	Marina Bay	1119	2024-09-22	2024	marina-bay	singapore
743	9606	61	Singapore	Marina Bay	1119	2024-09-22	2024	marina-bay	singapore
744	9606	61	Singapore	Marina Bay	1119	2024-09-22	2024	marina-bay	singapore
745	9606	61	Singapore	Marina Bay	1119	2024-09-22	2024	marina-bay	singapore
746	9606	61	Singapore	Marina Bay	1119	2024-09-22	2024	marina-bay	singapore
747	9606	61	Singapore	Marina Bay	1119	2024-09-22	2024	marina-bay	singapore
748	9606	61	Singapore	Marina Bay	1119	2024-09-22	2024	marina-bay	singapore
749	9606	61	Singapore	Marina Bay	1119	2024-09-22	2024	marina-bay	singapore
750	9606	61	Singapore	Marina Bay	1119	2024-09-22	2024	marina-bay	singapore
751	9606	61	Singapore	Marina Bay	1119	2024-09-22	2024	marina-bay	singapore
752	9606	61	Singapore	Marina Bay	1119	2024-09-22	2024	marina-bay	singapore
753	9606	61	Singapore	Marina Bay	1119	2024-09-22	2024	marina-bay	singapore
754	9606	61	Singapore	Marina Bay	1119	2024-09-22	2024	marina-bay	singapore
755	9606	61	Singapore	Marina Bay	1119	2024-09-22	2024	marina-bay	singapore
756	9606	61	Singapore	Marina Bay	1119	2024-09-22	2024	marina-bay	singapore
757	9606	61	Singapore	Marina Bay	1119	2024-09-22	2024	marina-bay	singapore
758	9606	61	Singapore	Marina Bay	1119	2024-09-22	2024	marina-bay	singapore
759	9617	9	Austin	Austin	1120	2024-10-20	2024	austin	united-states
760	9617	9	Austin	Austin	1120	2024-10-20	2024	austin	united-states
761	9617	9	Austin	Austin	1120	2024-10-20	2024	austin	united-states
762	9617	9	Austin	Austin	1120	2024-10-20	2024	austin	united-states
763	9617	9	Austin	Austin	1120	2024-10-20	2024	austin	united-states
764	9617	9	Austin	Austin	1120	2024-10-20	2024	austin	united-states
765	9617	9	Austin	Austin	1120	2024-10-20	2024	austin	united-states
766	9617	9	Austin	Austin	1120	2024-10-20	2024	austin	united-states
767	9617	9	Austin	Austin	1120	2024-10-20	2024	austin	united-states
768	9617	9	Austin	Austin	1120	2024-10-20	2024	austin	united-states
769	9617	9	Austin	Austin	1120	2024-10-20	2024	austin	united-states
770	9617	9	Austin	Austin	1120	2024-10-20	2024	austin	united-states
771	9617	9	Austin	Austin	1120	2024-10-20	2024	austin	united-states
772	9617	9	Austin	Austin	1120	2024-10-20	2024	austin	united-states
773	9617	9	Austin	Austin	1120	2024-10-20	2024	austin	united-states
774	9617	9	Austin	Austin	1120	2024-10-20	2024	austin	united-states
775	9617	9	Austin	Austin	1120	2024-10-20	2024	austin	united-states
776	9617	9	Austin	Austin	1120	2024-10-20	2024	austin	united-states
777	9617	9	Austin	Austin	1120	2024-10-20	2024	austin	united-states
778	9617	9	Austin	Austin	1120	2024-10-20	2024	austin	united-states
779	9625	65	Mexico City	Mexico City	1121	2024-10-27	2024	mexico-city	mexico
780	9625	65	Mexico City	Mexico City	1121	2024-10-27	2024	mexico-city	mexico
781	9625	65	Mexico City	Mexico City	1121	2024-10-27	2024	mexico-city	mexico
782	9625	65	Mexico City	Mexico City	1121	2024-10-27	2024	mexico-city	mexico
783	9625	65	Mexico City	Mexico City	1121	2024-10-27	2024	mexico-city	mexico
784	9625	65	Mexico City	Mexico City	1121	2024-10-27	2024	mexico-city	mexico
785	9625	65	Mexico City	Mexico City	1121	2024-10-27	2024	mexico-city	mexico
786	9625	65	Mexico City	Mexico City	1121	2024-10-27	2024	mexico-city	mexico
787	9625	65	Mexico City	Mexico City	1121	2024-10-27	2024	mexico-city	mexico
788	9625	65	Mexico City	Mexico City	1121	2024-10-27	2024	mexico-city	mexico
789	9625	65	Mexico City	Mexico City	1121	2024-10-27	2024	mexico-city	mexico
790	9625	65	Mexico City	Mexico City	1121	2024-10-27	2024	mexico-city	mexico
791	9625	65	Mexico City	Mexico City	1121	2024-10-27	2024	mexico-city	mexico
792	9625	65	Mexico City	Mexico City	1121	2024-10-27	2024	mexico-city	mexico
793	9625	65	Mexico City	Mexico City	1121	2024-10-27	2024	mexico-city	mexico
794	9625	65	Mexico City	Mexico City	1121	2024-10-27	2024	mexico-city	mexico
795	9625	65	Mexico City	Mexico City	1121	2024-10-27	2024	mexico-city	mexico
796	9625	65	Mexico City	Mexico City	1121	2024-10-27	2024	mexico-city	mexico
797	9625	65	Mexico City	Mexico City	1121	2024-10-27	2024	mexico-city	mexico
798	9625	65	Mexico City	Mexico City	1121	2024-10-27	2024	mexico-city	mexico
799	9636	14	Interlagos	São Paulo	1122	2024-11-03	2024	interlagos	sao-paulo
800	9636	14	Interlagos	São Paulo	1122	2024-11-03	2024	interlagos	sao-paulo
801	9636	14	Interlagos	São Paulo	1122	2024-11-03	2024	interlagos	sao-paulo
802	9636	14	Interlagos	São Paulo	1122	2024-11-03	2024	interlagos	sao-paulo
803	9636	14	Interlagos	São Paulo	1122	2024-11-03	2024	interlagos	sao-paulo
804	9636	14	Interlagos	São Paulo	1122	2024-11-03	2024	interlagos	sao-paulo
805	9636	14	Interlagos	São Paulo	1122	2024-11-03	2024	interlagos	sao-paulo
806	9636	14	Interlagos	São Paulo	1122	2024-11-03	2024	interlagos	sao-paulo
807	9636	14	Interlagos	São Paulo	1122	2024-11-03	2024	interlagos	sao-paulo
808	9636	14	Interlagos	São Paulo	1122	2024-11-03	2024	interlagos	sao-paulo
809	9636	14	Interlagos	São Paulo	1122	2024-11-03	2024	interlagos	sao-paulo
810	9636	14	Interlagos	São Paulo	1122	2024-11-03	2024	interlagos	sao-paulo
811	9636	14	Interlagos	São Paulo	1122	2024-11-03	2024	interlagos	sao-paulo
812	9636	14	Interlagos	São Paulo	1122	2024-11-03	2024	interlagos	sao-paulo
813	9636	14	Interlagos	São Paulo	1122	2024-11-03	2024	interlagos	sao-paulo
814	9636	14	Interlagos	São Paulo	1122	2024-11-03	2024	interlagos	sao-paulo
815	9636	14	Interlagos	São Paulo	1122	2024-11-03	2024	interlagos	sao-paulo
816	9636	14	Interlagos	São Paulo	1122	2024-11-03	2024	interlagos	sao-paulo
817	9636	14	Interlagos	São Paulo	1122	2024-11-03	2024	interlagos	sao-paulo
818	9636	14	Interlagos	São Paulo	1122	2024-11-03	2024	interlagos	sao-paulo
819	9644	152	Las Vegas	Las Vegas	1123	2024-11-24	2024	las-vegas	las-vegas
820	9644	152	Las Vegas	Las Vegas	1123	2024-11-24	2024	las-vegas	las-vegas
821	9644	152	Las Vegas	Las Vegas	1123	2024-11-24	2024	las-vegas	las-vegas
822	9644	152	Las Vegas	Las Vegas	1123	2024-11-24	2024	las-vegas	las-vegas
823	9644	152	Las Vegas	Las Vegas	1123	2024-11-24	2024	las-vegas	las-vegas
824	9644	152	Las Vegas	Las Vegas	1123	2024-11-24	2024	las-vegas	las-vegas
825	9644	152	Las Vegas	Las Vegas	1123	2024-11-24	2024	las-vegas	las-vegas
826	9644	152	Las Vegas	Las Vegas	1123	2024-11-24	2024	las-vegas	las-vegas
827	9644	152	Las Vegas	Las Vegas	1123	2024-11-24	2024	las-vegas	las-vegas
828	9644	152	Las Vegas	Las Vegas	1123	2024-11-24	2024	las-vegas	las-vegas
829	9644	152	Las Vegas	Las Vegas	1123	2024-11-24	2024	las-vegas	las-vegas
830	9644	152	Las Vegas	Las Vegas	1123	2024-11-24	2024	las-vegas	las-vegas
831	9644	152	Las Vegas	Las Vegas	1123	2024-11-24	2024	las-vegas	las-vegas
832	9644	152	Las Vegas	Las Vegas	1123	2024-11-24	2024	las-vegas	las-vegas
833	9644	152	Las Vegas	Las Vegas	1123	2024-11-24	2024	las-vegas	las-vegas
834	9644	152	Las Vegas	Las Vegas	1123	2024-11-24	2024	las-vegas	las-vegas
835	9644	152	Las Vegas	Las Vegas	1123	2024-11-24	2024	las-vegas	las-vegas
836	9644	152	Las Vegas	Las Vegas	1123	2024-11-24	2024	las-vegas	las-vegas
837	9644	152	Las Vegas	Las Vegas	1123	2024-11-24	2024	las-vegas	las-vegas
838	9644	152	Las Vegas	Las Vegas	1123	2024-11-24	2024	las-vegas	las-vegas
839	9655	150	Lusail	Lusail	1124	2024-12-01	2024	lusail	qatar
840	9655	150	Lusail	Lusail	1124	2024-12-01	2024	lusail	qatar
841	9655	150	Lusail	Lusail	1124	2024-12-01	2024	lusail	qatar
842	9655	150	Lusail	Lusail	1124	2024-12-01	2024	lusail	qatar
843	9655	150	Lusail	Lusail	1124	2024-12-01	2024	lusail	qatar
844	9655	150	Lusail	Lusail	1124	2024-12-01	2024	lusail	qatar
845	9655	150	Lusail	Lusail	1124	2024-12-01	2024	lusail	qatar
846	9655	150	Lusail	Lusail	1124	2024-12-01	2024	lusail	qatar
847	9655	150	Lusail	Lusail	1124	2024-12-01	2024	lusail	qatar
848	9655	150	Lusail	Lusail	1124	2024-12-01	2024	lusail	qatar
849	9655	150	Lusail	Lusail	1124	2024-12-01	2024	lusail	qatar
850	9655	150	Lusail	Lusail	1124	2024-12-01	2024	lusail	qatar
851	9655	150	Lusail	Lusail	1124	2024-12-01	2024	lusail	qatar
852	9655	150	Lusail	Lusail	1124	2024-12-01	2024	lusail	qatar
853	9655	150	Lusail	Lusail	1124	2024-12-01	2024	lusail	qatar
854	9655	150	Lusail	Lusail	1124	2024-12-01	2024	lusail	qatar
855	9655	150	Lusail	Lusail	1124	2024-12-01	2024	lusail	qatar
856	9655	150	Lusail	Lusail	1124	2024-12-01	2024	lusail	qatar
857	9655	150	Lusail	Lusail	1124	2024-12-01	2024	lusail	qatar
858	9655	150	Lusail	Lusail	1124	2024-12-01	2024	lusail	qatar
859	9662	70	Yas Marina Circuit	Yas Island	1125	2024-12-08	2024	yas-marina	abu-dhabi
860	9662	70	Yas Marina Circuit	Yas Island	1125	2024-12-08	2024	yas-marina	abu-dhabi
861	9662	70	Yas Marina Circuit	Yas Island	1125	2024-12-08	2024	yas-marina	abu-dhabi
862	9662	70	Yas Marina Circuit	Yas Island	1125	2024-12-08	2024	yas-marina	abu-dhabi
863	9662	70	Yas Marina Circuit	Yas Island	1125	2024-12-08	2024	yas-marina	abu-dhabi
864	9662	70	Yas Marina Circuit	Yas Island	1125	2024-12-08	2024	yas-marina	abu-dhabi
865	9662	70	Yas Marina Circuit	Yas Island	1125	2024-12-08	2024	yas-marina	abu-dhabi
866	9662	70	Yas Marina Circuit	Yas Island	1125	2024-12-08	2024	yas-marina	abu-dhabi
867	9662	70	Yas Marina Circuit	Yas Island	1125	2024-12-08	2024	yas-marina	abu-dhabi
868	9662	70	Yas Marina Circuit	Yas Island	1125	2024-12-08	2024	yas-marina	abu-dhabi
869	9662	70	Yas Marina Circuit	Yas Island	1125	2024-12-08	2024	yas-marina	abu-dhabi
870	9662	70	Yas Marina Circuit	Yas Island	1125	2024-12-08	2024	yas-marina	abu-dhabi
871	9662	70	Yas Marina Circuit	Yas Island	1125	2024-12-08	2024	yas-marina	abu-dhabi
872	9662	70	Yas Marina Circuit	Yas Island	1125	2024-12-08	2024	yas-marina	abu-dhabi
873	9662	70	Yas Marina Circuit	Yas Island	1125	2024-12-08	2024	yas-marina	abu-dhabi
874	9662	70	Yas Marina Circuit	Yas Island	1125	2024-12-08	2024	yas-marina	abu-dhabi
875	9662	70	Yas Marina Circuit	Yas Island	1125	2024-12-08	2024	yas-marina	abu-dhabi
876	9662	70	Yas Marina Circuit	Yas Island	1125	2024-12-08	2024	yas-marina	abu-dhabi
877	9662	70	Yas Marina Circuit	Yas Island	1125	2024-12-08	2024	yas-marina	abu-dhabi
878	9662	70	Yas Marina Circuit	Yas Island	1125	2024-12-08	2024	yas-marina	abu-dhabi
879	9673	49	Shanghai	Shanghai	1106	2024-04-21	2024	shanghai	china
880	9673	49	Shanghai	Shanghai	1106	2024-04-21	2024	shanghai	china
881	9673	49	Shanghai	Shanghai	1106	2024-04-21	2024	shanghai	china
882	9673	49	Shanghai	Shanghai	1106	2024-04-21	2024	shanghai	china
883	9673	49	Shanghai	Shanghai	1106	2024-04-21	2024	shanghai	china
884	9673	49	Shanghai	Shanghai	1106	2024-04-21	2024	shanghai	china
885	9673	49	Shanghai	Shanghai	1106	2024-04-21	2024	shanghai	china
886	9673	49	Shanghai	Shanghai	1106	2024-04-21	2024	shanghai	china
887	9673	49	Shanghai	Shanghai	1106	2024-04-21	2024	shanghai	china
888	9673	49	Shanghai	Shanghai	1106	2024-04-21	2024	shanghai	china
889	9673	49	Shanghai	Shanghai	1106	2024-04-21	2024	shanghai	china
890	9673	49	Shanghai	Shanghai	1106	2024-04-21	2024	shanghai	china
891	9673	49	Shanghai	Shanghai	1106	2024-04-21	2024	shanghai	china
892	9673	49	Shanghai	Shanghai	1106	2024-04-21	2024	shanghai	china
893	9673	49	Shanghai	Shanghai	1106	2024-04-21	2024	shanghai	china
894	9673	49	Shanghai	Shanghai	1106	2024-04-21	2024	shanghai	china
895	9673	49	Shanghai	Shanghai	1106	2024-04-21	2024	shanghai	china
896	9673	49	Shanghai	Shanghai	1106	2024-04-21	2024	shanghai	china
897	9673	49	Shanghai	Shanghai	1106	2024-04-21	2024	shanghai	china
898	9673	49	Shanghai	Shanghai	1106	2024-04-21	2024	shanghai	china
